simplified_classification,phenotype,SNP,study
obstructive,Obstructive Heart Defects,rs2360743,Rashkin2021
LH,LH lesions,rs8061121,Mitchell2015
LH,LH lesions,rs1975649,Mitchell2015
LH,LH lesions,rs6495706,Mitchell2015
NOS,NOS,rs185531658,Lahm2021
septal,ASD,rs870142,Lahm2021
septal,ASD II,rs145619574,Lahm2021
septal,ASD II,rs187369228,Lahm2021
septal,ASD II,rs72917381,Lahm2021
LH,LH lesions,rs114503684,Lahm2021
LH,LH lesions,rs2046060,Lahm2021
LH,LH lesions,rs35437121,Lahm2021
RH,RH lesions,rs146300195,Lahm2021
septal,septal defects,rs138741144,Lahm2021
septal,septal defects,rs185531658,Lahm2021
vascular,TGA,rs143638934,Lahm2021
vascular,TGA,rs148563140,Lahm2021
vascular,TGA,rs149467721,Lahm2021
vascular,TGA,rs149890280,Lahm2021
vascular,TGA,rs150246290,Lahm2021
vascular,TGA,rs77094733,Lahm2021
vascular,thoracic vessels,rs117527287,Lahm2021
vascular,thoracic vessels,rs11874,Lahm2021
vascular,thoracic vessels,rs17677363,Lahm2021
vascular,thoracic vessels,rs76774446,Lahm2021
NOS,NOS,rs2474937,Hu 2013
NOS,NOS,rs1531070,Hu 2013
LH,LH lesions,rs3746446,Hanchard2016
LH,LH lesions,rs12045807,Hanchard2016
obstructive,LVOTO,rs870142,Córdova-Palomera2019
septal,ASD,rs870142,Cordell2013
obstructive,LVOTO,rs11514295,Agopian2017
obstructive,LVOTO,rs74095902,Agopian2017
obstructive,LVOTO,rs6542647,Agopian2017
obstructive,LVOTO,rs6811802,Agopian2017
obstructive,LVOTO,rs72820264,Agopian2017
obstructive,LVOTO,rs11755054,Agopian2017
obstructive,LVOTO,rs733317,Agopian2017
obstructive,LVOTO,rs74377301,Agopian2017
obstructive,LVOTO,rs1379134,Agopian2017
obstructive,LVOTO,rs672149,Agopian2017
obstructive,LVOTO,rs7623291,Agopian2017
obstructive,LVOTO,rs11159840,Agopian2017
obstructive,LVOTO,rs11894932,Agopian2017
obstructive,LVOTO,rs2567992,Agopian2017
obstructive,LVOTO,rs7465601,Agopian2017
NOS,NOS,rs1176869,Agopian2017
NOS,NOS,rs17111230,Agopian2017
NOS,NOS,rs1000613,Agopian2017
NOS,NOS,rs56409046,Agopian2017
NOS,NOS,rs13285621,Agopian2017
septal,VSD,rs12186641,Cordell2013
obstructive,Obstructive Heart Defects,rs5913271,Rashkin2021
obstructive,Obstructive Heart Defects,rs113920486,Rashkin2021
obstructive,Obstructive Heart Defects,rs55877192,Rashkin2021
obstructive,Obstructive Heart Defects,rs188255766,Rashkin2021